question_ref,lo_code,question_type,question_text,explanation,subtopic_codes,difficulty,source,verified,option_key,option_text,answer_value,sort_order
q-eng9.2-01,ENG9.2,mc,"Choose the pair that correctly fills the blanks: 'The scientist's report was not only _____ but also _____.'","'Accurate / comprehensive' is correct because 'not only...but also' requires parallel adjectives on both sides. 'Accurate / comprehensively' breaks parallelism — an adverb cannot parallel an adjective. 'Accurately / comprehensive' reverses the error by placing an adverb first and an adjective second. 'Accuracy / comprehensive' mixes a noun with an adjective, violating parallel structure.",k-eng-9-2-1,easy,ai-generated,false,A,accurate / comprehensive,true,1
q-eng9.2-01,ENG9.2,mc,"Choose the pair that correctly fills the blanks: 'The scientist's report was not only _____ but also _____.'","'Accurate / comprehensive' is correct because 'not only...but also' requires parallel adjectives on both sides. 'Accurate / comprehensively' breaks parallelism — an adverb cannot parallel an adjective. 'Accurately / comprehensive' reverses the error by placing an adverb first and an adjective second. 'Accuracy / comprehensive' mixes a noun with an adjective, violating parallel structure.",k-eng-9-2-1,easy,ai-generated,false,B,accurate / comprehensively,false,2
q-eng9.2-01,ENG9.2,mc,"Choose the pair that correctly fills the blanks: 'The scientist's report was not only _____ but also _____.'","'Accurate / comprehensive' is correct because 'not only...but also' requires parallel adjectives on both sides. 'Accurate / comprehensively' breaks parallelism — an adverb cannot parallel an adjective. 'Accurately / comprehensive' reverses the error by placing an adverb first and an adjective second. 'Accuracy / comprehensive' mixes a noun with an adjective, violating parallel structure.",k-eng-9-2-1,easy,ai-generated,false,C,accurately / comprehensive,false,3
q-eng9.2-01,ENG9.2,mc,"Choose the pair that correctly fills the blanks: 'The scientist's report was not only _____ but also _____.'","'Accurate / comprehensive' is correct because 'not only...but also' requires parallel adjectives on both sides. 'Accurate / comprehensively' breaks parallelism — an adverb cannot parallel an adjective. 'Accurately / comprehensive' reverses the error by placing an adverb first and an adjective second. 'Accuracy / comprehensive' mixes a noun with an adjective, violating parallel structure.",k-eng-9-2-1,easy,ai-generated,false,D,accuracy / comprehensive,false,4
q-eng9.2-02,ENG9.2,mc,"Choose the pair that correctly fills the blanks: 'The students were asked to stop _____ and start _____.'","'Talking / listening' is correct because after 'stop' and 'start' the verbs must be gerunds to maintain parallel structure. 'To talk / listening' mixes an infinitive with a gerund, breaking parallelism. 'Talk / listening' uses a bare infinitive where a gerund is required after 'stop'. 'Talking / to listen' correctly uses a gerund first but incorrectly uses an infinitive after 'start' instead of a gerund.",k-eng-9-2-1,easy,ai-generated,false,A,to talk / listening,false,1
q-eng9.2-02,ENG9.2,mc,"Choose the pair that correctly fills the blanks: 'The students were asked to stop _____ and start _____.'","'Talking / listening' is correct because after 'stop' and 'start' the verbs must be gerunds to maintain parallel structure. 'To talk / listening' mixes an infinitive with a gerund, breaking parallelism. 'Talk / listening' uses a bare infinitive where a gerund is required after 'stop'. 'Talking / to listen' correctly uses a gerund first but incorrectly uses an infinitive after 'start' instead of a gerund.",k-eng-9-2-1,easy,ai-generated,false,B,talking / listening,true,2
q-eng9.2-02,ENG9.2,mc,"Choose the pair that correctly fills the blanks: 'The students were asked to stop _____ and start _____.'","'Talking / listening' is correct because after 'stop' and 'start' the verbs must be gerunds to maintain parallel structure. 'To talk / listening' mixes an infinitive with a gerund, breaking parallelism. 'Talk / listening' uses a bare infinitive where a gerund is required after 'stop'. 'Talking / to listen' correctly uses a gerund first but incorrectly uses an infinitive after 'start' instead of a gerund.",k-eng-9-2-1,easy,ai-generated,false,C,talk / listening,false,3
q-eng9.2-02,ENG9.2,mc,"Choose the pair that correctly fills the blanks: 'The students were asked to stop _____ and start _____.'","'Talking / listening' is correct because after 'stop' and 'start' the verbs must be gerunds to maintain parallel structure. 'To talk / listening' mixes an infinitive with a gerund, breaking parallelism. 'Talk / listening' uses a bare infinitive where a gerund is required after 'stop'. 'Talking / to listen' correctly uses a gerund first but incorrectly uses an infinitive after 'start' instead of a gerund.",k-eng-9-2-1,easy,ai-generated,false,D,talking / to listen,false,4
q-eng9.2-03,ENG9.2,mc,"Choose the pair that correctly fills the blanks: 'The new regulations aim to both _____ pollution and _____ economic growth.'","'Reduce / promote' is correct because after 'both...and' following the infinitive marker 'to', both verbs must be bare infinitives. 'Reducing / promoting' uses gerunds, which break the parallel infinitive structure. 'Reduce / promotion' incorrectly uses a noun where a bare infinitive is required for the second blank. 'Reduced / promoted' uses past-tense forms where bare infinitives are required.",k-eng-9-2-1,medium,ai-generated,false,A,reducing / promoting,false,1
q-eng9.2-03,ENG9.2,mc,"Choose the pair that correctly fills the blanks: 'The new regulations aim to both _____ pollution and _____ economic growth.'","'Reduce / promote' is correct because after 'both...and' following the infinitive marker 'to', both verbs must be bare infinitives. 'Reducing / promoting' uses gerunds, which break the parallel infinitive structure. 'Reduce / promotion' incorrectly uses a noun where a bare infinitive is required for the second blank. 'Reduced / promoted' uses past-tense forms where bare infinitives are required.",k-eng-9-2-1,medium,ai-generated,false,B,reduce / promotion,false,2
q-eng9.2-03,ENG9.2,mc,"Choose the pair that correctly fills the blanks: 'The new regulations aim to both _____ pollution and _____ economic growth.'","'Reduce / promote' is correct because after 'both...and' following the infinitive marker 'to', both verbs must be bare infinitives. 'Reducing / promoting' uses gerunds, which break the parallel infinitive structure. 'Reduce / promotion' incorrectly uses a noun where a bare infinitive is required for the second blank. 'Reduced / promoted' uses past-tense forms where bare infinitives are required.",k-eng-9-2-1,medium,ai-generated,false,C,reduce / promote,true,3
q-eng9.2-03,ENG9.2,mc,"Choose the pair that correctly fills the blanks: 'The new regulations aim to both _____ pollution and _____ economic growth.'","'Reduce / promote' is correct because after 'both...and' following the infinitive marker 'to', both verbs must be bare infinitives. 'Reducing / promoting' uses gerunds, which break the parallel infinitive structure. 'Reduce / promotion' incorrectly uses a noun where a bare infinitive is required for the second blank. 'Reduced / promoted' uses past-tense forms where bare infinitives are required.",k-eng-9-2-1,medium,ai-generated,false,D,reduced / promoted,false,4
q-eng9.2-04,ENG9.2,mc,"Choose the pair that correctly fills the blanks: 'You can pay either by _____ or by _____.'","'Cash / cheque' is correct because 'either...or' with the preposition 'by' repeated before each element requires parallel nouns. 'Cash / a cheque writing' places a noun-modifier phrase after the second 'by', which is not parallel to the bare noun 'cash'. 'Using cash / cheque' makes the first element a gerund phrase and the second a bare noun, breaking parallelism. 'Cash / to write a cheque' mixes a noun with an infinitive phrase.",k-eng-9-2-1,easy,ai-generated,false,A,cash / a cheque writing,false,1
q-eng9.2-04,ENG9.2,mc,"Choose the pair that correctly fills the blanks: 'You can pay either by _____ or by _____.'","'Cash / cheque' is correct because 'either...or' with the preposition 'by' repeated before each element requires parallel nouns. 'Cash / a cheque writing' places a noun-modifier phrase after the second 'by', which is not parallel to the bare noun 'cash'. 'Using cash / cheque' makes the first element a gerund phrase and the second a bare noun, breaking parallelism. 'Cash / to write a cheque' mixes a noun with an infinitive phrase.",k-eng-9-2-1,easy,ai-generated,false,B,using cash / cheque,false,2
q-eng9.2-04,ENG9.2,mc,"Choose the pair that correctly fills the blanks: 'You can pay either by _____ or by _____.'","'Cash / cheque' is correct because 'either...or' with the preposition 'by' repeated before each element requires parallel nouns. 'Cash / a cheque writing' places a noun-modifier phrase after the second 'by', which is not parallel to the bare noun 'cash'. 'Using cash / cheque' makes the first element a gerund phrase and the second a bare noun, breaking parallelism. 'Cash / to write a cheque' mixes a noun with an infinitive phrase.",k-eng-9-2-1,easy,ai-generated,false,C,cash / to write a cheque,false,3
q-eng9.2-04,ENG9.2,mc,"Choose the pair that correctly fills the blanks: 'You can pay either by _____ or by _____.'","'Cash / cheque' is correct because 'either...or' with the preposition 'by' repeated before each element requires parallel nouns. 'Cash / a cheque writing' places a noun-modifier phrase after the second 'by', which is not parallel to the bare noun 'cash'. 'Using cash / cheque' makes the first element a gerund phrase and the second a bare noun, breaking parallelism. 'Cash / to write a cheque' mixes a noun with an infinitive phrase.",k-eng-9-2-1,easy,ai-generated,false,D,cash / cheque,true,4
q-eng9.2-05,ENG9.2,mc,"Choose the pair that correctly fills the blanks: 'The presentation was neither _____ nor _____.'","'Informative / engaging' is correct because 'neither...nor' as a subject complement requires parallel adjectives. 'Boring / convinced' pairs a standard adjective with a past participle used awkwardly as a subject complement describing an attribute of the presentation. 'Informatively / engaging' uses an adverb in the first position where an adjective is needed. 'Inform / engage' uses bare verb forms where adjectives are required.",k-eng-9-2-1,medium,ai-generated,false,A,boring / convinced,false,1
q-eng9.2-05,ENG9.2,mc,"Choose the pair that correctly fills the blanks: 'The presentation was neither _____ nor _____.'","'Informative / engaging' is correct because 'neither...nor' as a subject complement requires parallel adjectives. 'Boring / convinced' pairs a standard adjective with a past participle used awkwardly as a subject complement describing an attribute of the presentation. 'Informatively / engaging' uses an adverb in the first position where an adjective is needed. 'Inform / engage' uses bare verb forms where adjectives are required.",k-eng-9-2-1,medium,ai-generated,false,B,informative / engaging,true,2
q-eng9.2-05,ENG9.2,mc,"Choose the pair that correctly fills the blanks: 'The presentation was neither _____ nor _____.'","'Informative / engaging' is correct because 'neither...nor' as a subject complement requires parallel adjectives. 'Boring / convinced' pairs a standard adjective with a past participle used awkwardly as a subject complement describing an attribute of the presentation. 'Informatively / engaging' uses an adverb in the first position where an adjective is needed. 'Inform / engage' uses bare verb forms where adjectives are required.",k-eng-9-2-1,medium,ai-generated,false,C,informatively / engaging,false,3
q-eng9.2-05,ENG9.2,mc,"Choose the pair that correctly fills the blanks: 'The presentation was neither _____ nor _____.'","'Informative / engaging' is correct because 'neither...nor' as a subject complement requires parallel adjectives. 'Boring / convinced' pairs a standard adjective with a past participle used awkwardly as a subject complement describing an attribute of the presentation. 'Informatively / engaging' uses an adverb in the first position where an adjective is needed. 'Inform / engage' uses bare verb forms where adjectives are required.",k-eng-9-2-1,medium,ai-generated,false,D,inform / engage,false,4
q-eng9.2-06,ENG9.2,mc,"Choose the pair that correctly fills the blanks: 'She is as _____ as she is _____.'","'Beautiful / intelligent' is correct because the 'as...as' comparison requires parallel adjectives as subject complements. 'Beautifully / intelligent' uses an adverb in the first position where an adjective is needed. 'Beauty / intelligent' uses a noun in the first position where an adjective is required. 'Beautiful / intelligently' correctly uses an adjective first but incorrectly uses an adverb in the second position.",k-eng-9-2-1,easy,ai-generated,false,A,beautifully / intelligent,false,1
q-eng9.2-06,ENG9.2,mc,"Choose the pair that correctly fills the blanks: 'She is as _____ as she is _____.'","'Beautiful / intelligent' is correct because the 'as...as' comparison requires parallel adjectives as subject complements. 'Beautifully / intelligent' uses an adverb in the first position where an adjective is needed. 'Beauty / intelligent' uses a noun in the first position where an adjective is required. 'Beautiful / intelligently' correctly uses an adjective first but incorrectly uses an adverb in the second position.",k-eng-9-2-1,easy,ai-generated,false,B,beauty / intelligent,false,2
q-eng9.2-06,ENG9.2,mc,"Choose the pair that correctly fills the blanks: 'She is as _____ as she is _____.'","'Beautiful / intelligent' is correct because the 'as...as' comparison requires parallel adjectives as subject complements. 'Beautifully / intelligent' uses an adverb in the first position where an adjective is needed. 'Beauty / intelligent' uses a noun in the first position where an adjective is required. 'Beautiful / intelligently' correctly uses an adjective first but incorrectly uses an adverb in the second position.",k-eng-9-2-1,easy,ai-generated,false,C,beautiful / intelligent,true,3
q-eng9.2-06,ENG9.2,mc,"Choose the pair that correctly fills the blanks: 'She is as _____ as she is _____.'","'Beautiful / intelligent' is correct because the 'as...as' comparison requires parallel adjectives as subject complements. 'Beautifully / intelligent' uses an adverb in the first position where an adjective is needed. 'Beauty / intelligent' uses a noun in the first position where an adjective is required. 'Beautiful / intelligently' correctly uses an adjective first but incorrectly uses an adverb in the second position.",k-eng-9-2-1,easy,ai-generated,false,D,beautiful / intelligently,false,4
q-eng9.2-07,ENG9.2,mc,"Choose the pair that correctly fills the blanks: 'The teacher asked us to _____ the chapter and _____ a summary.'","'Read / write' is correct because after 'to', a single infinitive marker governs both verbs in the compound, so both take the bare infinitive form. 'Reading / writing' uses gerunds where bare infinitives following 'to' are required. 'Read / writing' correctly uses a bare infinitive for the first verb but incorrectly uses a gerund for the second. 'Reading / write' has the same error in reverse — gerund first, then correct bare infinitive.",k-eng-9-2-1,medium,ai-generated,false,A,reading / writing,false,1
q-eng9.2-07,ENG9.2,mc,"Choose the pair that correctly fills the blanks: 'The teacher asked us to _____ the chapter and _____ a summary.'","'Read / write' is correct because after 'to', a single infinitive marker governs both verbs in the compound, so both take the bare infinitive form. 'Reading / writing' uses gerunds where bare infinitives following 'to' are required. 'Read / writing' correctly uses a bare infinitive for the first verb but incorrectly uses a gerund for the second. 'Reading / write' has the same error in reverse — gerund first, then correct bare infinitive.",k-eng-9-2-1,medium,ai-generated,false,B,read / writing,false,2
q-eng9.2-07,ENG9.2,mc,"Choose the pair that correctly fills the blanks: 'The teacher asked us to _____ the chapter and _____ a summary.'","'Read / write' is correct because after 'to', a single infinitive marker governs both verbs in the compound, so both take the bare infinitive form. 'Reading / writing' uses gerunds where bare infinitives following 'to' are required. 'Read / writing' correctly uses a bare infinitive for the first verb but incorrectly uses a gerund for the second. 'Reading / write' has the same error in reverse — gerund first, then correct bare infinitive.",k-eng-9-2-1,medium,ai-generated,false,C,reading / write,false,3
q-eng9.2-07,ENG9.2,mc,"Choose the pair that correctly fills the blanks: 'The teacher asked us to _____ the chapter and _____ a summary.'","'Read / write' is correct because after 'to', a single infinitive marker governs both verbs in the compound, so both take the bare infinitive form. 'Reading / writing' uses gerunds where bare infinitives following 'to' are required. 'Read / writing' correctly uses a bare infinitive for the first verb but incorrectly uses a gerund for the second. 'Reading / write' has the same error in reverse — gerund first, then correct bare infinitive.",k-eng-9-2-1,medium,ai-generated,false,D,read / write,true,4
q-eng9.2-08,ENG9.2,mc,"Choose the pair that correctly fills the blanks: 'Not only did he _____ the project, but he also _____ it on time.'","'Complete / deliver' is correct because after auxiliary 'did' in the first clause and ellipsis of 'did' after 'also' in the second, both main verbs must be bare infinitives. 'Completed / deliver' duplicates the past meaning already carried by 'did' in the first clause. 'Complete / delivered' correctly uses the bare infinitive for the first verb but uses past tense for the second where a bare infinitive is needed. 'Completing / delivering' uses gerunds, which cannot follow auxiliaries.",k-eng-9-2-1,hard,ai-generated,false,A,complete / deliver,true,1
q-eng9.2-08,ENG9.2,mc,"Choose the pair that correctly fills the blanks: 'Not only did he _____ the project, but he also _____ it on time.'","'Complete / deliver' is correct because after auxiliary 'did' in the first clause and ellipsis of 'did' after 'also' in the second, both main verbs must be bare infinitives. 'Completed / deliver' duplicates the past meaning already carried by 'did' in the first clause. 'Complete / delivered' correctly uses the bare infinitive for the first verb but uses past tense for the second where a bare infinitive is needed. 'Completing / delivering' uses gerunds, which cannot follow auxiliaries.",k-eng-9-2-1,hard,ai-generated,false,B,completed / deliver,false,2
q-eng9.2-08,ENG9.2,mc,"Choose the pair that correctly fills the blanks: 'Not only did he _____ the project, but he also _____ it on time.'","'Complete / deliver' is correct because after auxiliary 'did' in the first clause and ellipsis of 'did' after 'also' in the second, both main verbs must be bare infinitives. 'Completed / deliver' duplicates the past meaning already carried by 'did' in the first clause. 'Complete / delivered' correctly uses the bare infinitive for the first verb but uses past tense for the second where a bare infinitive is needed. 'Completing / delivering' uses gerunds, which cannot follow auxiliaries.",k-eng-9-2-1,hard,ai-generated,false,C,complete / delivered,false,3
q-eng9.2-08,ENG9.2,mc,"Choose the pair that correctly fills the blanks: 'Not only did he _____ the project, but he also _____ it on time.'","'Complete / deliver' is correct because after auxiliary 'did' in the first clause and ellipsis of 'did' after 'also' in the second, both main verbs must be bare infinitives. 'Completed / deliver' duplicates the past meaning already carried by 'did' in the first clause. 'Complete / delivered' correctly uses the bare infinitive for the first verb but uses past tense for the second where a bare infinitive is needed. 'Completing / delivering' uses gerunds, which cannot follow auxiliaries.",k-eng-9-2-1,hard,ai-generated,false,D,completing / delivering,false,4
q-eng9.2-09,ENG9.2,mc,"Choose the pair that correctly fills the blanks: 'The article was widely _____ and frequently _____.'","'Read / cited' is correct because the passive construction 'was...and' requires parallel past participles for both blanks. 'Read / cite' uses a bare verb form for the second blank where a past participle is required. 'Reading / citing' uses present participles, which would create an active progressive meaning rather than passive. 'Reads / cites' uses third-person singular present forms, which are incompatible with the auxiliary 'was'.",k-eng-9-2-1,hard,ai-generated,false,A,read / cite,false,1
q-eng9.2-09,ENG9.2,mc,"Choose the pair that correctly fills the blanks: 'The article was widely _____ and frequently _____.'","'Read / cited' is correct because the passive construction 'was...and' requires parallel past participles for both blanks. 'Read / cite' uses a bare verb form for the second blank where a past participle is required. 'Reading / citing' uses present participles, which would create an active progressive meaning rather than passive. 'Reads / cites' uses third-person singular present forms, which are incompatible with the auxiliary 'was'.",k-eng-9-2-1,hard,ai-generated,false,B,read / cited,true,2
q-eng9.2-09,ENG9.2,mc,"Choose the pair that correctly fills the blanks: 'The article was widely _____ and frequently _____.'","'Read / cited' is correct because the passive construction 'was...and' requires parallel past participles for both blanks. 'Read / cite' uses a bare verb form for the second blank where a past participle is required. 'Reading / citing' uses present participles, which would create an active progressive meaning rather than passive. 'Reads / cites' uses third-person singular present forms, which are incompatible with the auxiliary 'was'.",k-eng-9-2-1,hard,ai-generated,false,C,reading / citing,false,3
q-eng9.2-09,ENG9.2,mc,"Choose the pair that correctly fills the blanks: 'The article was widely _____ and frequently _____.'","'Read / cited' is correct because the passive construction 'was...and' requires parallel past participles for both blanks. 'Read / cite' uses a bare verb form for the second blank where a past participle is required. 'Reading / citing' uses present participles, which would create an active progressive meaning rather than passive. 'Reads / cites' uses third-person singular present forms, which are incompatible with the auxiliary 'was'.",k-eng-9-2-1,hard,ai-generated,false,D,reads / cites,false,4
q-eng9.2-10,ENG9.2,mc,"Choose the pair that correctly fills the blanks: 'Whether you choose to _____ or _____, the consequences remain the same.'","'Stay / leave' is correct because after 'to', the infinitive marker governs both verbs joined by 'or', so both take the bare infinitive. 'Stay / leaving' correctly uses the bare infinitive for the first option but incorrectly uses a gerund for the second. 'Staying / leave' reverses the error — gerund first, then the correct bare infinitive. 'Stayed / left' uses past-tense forms where bare infinitives are required.",k-eng-9-2-1,medium,ai-generated,false,A,stay / leaving,false,1
q-eng9.2-10,ENG9.2,mc,"Choose the pair that correctly fills the blanks: 'Whether you choose to _____ or _____, the consequences remain the same.'","'Stay / leave' is correct because after 'to', the infinitive marker governs both verbs joined by 'or', so both take the bare infinitive. 'Stay / leaving' correctly uses the bare infinitive for the first option but incorrectly uses a gerund for the second. 'Staying / leave' reverses the error — gerund first, then the correct bare infinitive. 'Stayed / left' uses past-tense forms where bare infinitives are required.",k-eng-9-2-1,medium,ai-generated,false,B,staying / leave,false,2
q-eng9.2-10,ENG9.2,mc,"Choose the pair that correctly fills the blanks: 'Whether you choose to _____ or _____, the consequences remain the same.'","'Stay / leave' is correct because after 'to', the infinitive marker governs both verbs joined by 'or', so both take the bare infinitive. 'Stay / leaving' correctly uses the bare infinitive for the first option but incorrectly uses a gerund for the second. 'Staying / leave' reverses the error — gerund first, then the correct bare infinitive. 'Stayed / left' uses past-tense forms where bare infinitives are required.",k-eng-9-2-1,medium,ai-generated,false,C,stay / leave,true,3
q-eng9.2-10,ENG9.2,mc,"Choose the pair that correctly fills the blanks: 'Whether you choose to _____ or _____, the consequences remain the same.'","'Stay / leave' is correct because after 'to', the infinitive marker governs both verbs joined by 'or', so both take the bare infinitive. 'Stay / leaving' correctly uses the bare infinitive for the first option but incorrectly uses a gerund for the second. 'Staying / leave' reverses the error — gerund first, then the correct bare infinitive. 'Stayed / left' uses past-tense forms where bare infinitives are required.",k-eng-9-2-1,medium,ai-generated,false,D,stayed / left,false,4
q-eng9.2-11,ENG9.2,mc,"Choose the pair where BOTH words correctly fit the context: 'The government's decision to _____ subsidies was met with _____ protests from farmers.'","'Withdraw / widespread' is correct because withdrawing subsidies naturally triggers widespread protests — both words are semantically consistent. 'Increase / muted' fails because increasing subsidies would benefit farmers, not provoke protests. 'Reduce / halfhearted' is weak — 'halfhearted' contradicts the scale of protests over a financial cut. 'Introduce / widespread' fails because introducing new subsidies would not cause farmers to protest.",s-eng-9-2-1,medium,ai-generated,false,A,increase / muted,false,1
q-eng9.2-11,ENG9.2,mc,"Choose the pair where BOTH words correctly fit the context: 'The government's decision to _____ subsidies was met with _____ protests from farmers.'","'Withdraw / widespread' is correct because withdrawing subsidies naturally triggers widespread protests — both words are semantically consistent. 'Increase / muted' fails because increasing subsidies would benefit farmers, not provoke protests. 'Reduce / halfhearted' is weak — 'halfhearted' contradicts the scale of protests over a financial cut. 'Introduce / widespread' fails because introducing new subsidies would not cause farmers to protest.",s-eng-9-2-1,medium,ai-generated,false,B,reduce / halfhearted,false,2
q-eng9.2-11,ENG9.2,mc,"Choose the pair where BOTH words correctly fit the context: 'The government's decision to _____ subsidies was met with _____ protests from farmers.'","'Withdraw / widespread' is correct because withdrawing subsidies naturally triggers widespread protests — both words are semantically consistent. 'Increase / muted' fails because increasing subsidies would benefit farmers, not provoke protests. 'Reduce / halfhearted' is weak — 'halfhearted' contradicts the scale of protests over a financial cut. 'Introduce / widespread' fails because introducing new subsidies would not cause farmers to protest.",s-eng-9-2-1,medium,ai-generated,false,C,introduce / widespread,false,3
q-eng9.2-11,ENG9.2,mc,"Choose the pair where BOTH words correctly fit the context: 'The government's decision to _____ subsidies was met with _____ protests from farmers.'","'Withdraw / widespread' is correct because withdrawing subsidies naturally triggers widespread protests — both words are semantically consistent. 'Increase / muted' fails because increasing subsidies would benefit farmers, not provoke protests. 'Reduce / halfhearted' is weak — 'halfhearted' contradicts the scale of protests over a financial cut. 'Introduce / widespread' fails because introducing new subsidies would not cause farmers to protest.",s-eng-9-2-1,medium,ai-generated,false,D,withdraw / widespread,true,4
q-eng9.2-12,ENG9.2,mc,"Choose the pair where BOTH words correctly fit the context: 'The CEO's _____ speech at the annual meeting left the investors feeling _____ about the company's future.'","'Optimistic / confident' is correct because an optimistic speech logically produces confidence in investors — the cause-effect relationship holds. 'Pessimistic / confident' breaks the semantic link — a pessimistic speech would create worry, not confidence. 'Optimistic / anxious' is contradictory — an optimistic speech does not make investors anxious. 'Vague / reassured' fails because a vague speech creates uncertainty, not reassurance.",s-eng-9-2-1,medium,ai-generated,false,A,optimistic / confident,true,1
q-eng9.2-12,ENG9.2,mc,"Choose the pair where BOTH words correctly fit the context: 'The CEO's _____ speech at the annual meeting left the investors feeling _____ about the company's future.'","'Optimistic / confident' is correct because an optimistic speech logically produces confidence in investors — the cause-effect relationship holds. 'Pessimistic / confident' breaks the semantic link — a pessimistic speech would create worry, not confidence. 'Optimistic / anxious' is contradictory — an optimistic speech does not make investors anxious. 'Vague / reassured' fails because a vague speech creates uncertainty, not reassurance.",s-eng-9-2-1,medium,ai-generated,false,B,pessimistic / confident,false,2
q-eng9.2-12,ENG9.2,mc,"Choose the pair where BOTH words correctly fit the context: 'The CEO's _____ speech at the annual meeting left the investors feeling _____ about the company's future.'","'Optimistic / confident' is correct because an optimistic speech logically produces confidence in investors — the cause-effect relationship holds. 'Pessimistic / confident' breaks the semantic link — a pessimistic speech would create worry, not confidence. 'Optimistic / anxious' is contradictory — an optimistic speech does not make investors anxious. 'Vague / reassured' fails because a vague speech creates uncertainty, not reassurance.",s-eng-9-2-1,medium,ai-generated,false,C,optimistic / anxious,false,3
q-eng9.2-12,ENG9.2,mc,"Choose the pair where BOTH words correctly fit the context: 'The CEO's _____ speech at the annual meeting left the investors feeling _____ about the company's future.'","'Optimistic / confident' is correct because an optimistic speech logically produces confidence in investors — the cause-effect relationship holds. 'Pessimistic / confident' breaks the semantic link — a pessimistic speech would create worry, not confidence. 'Optimistic / anxious' is contradictory — an optimistic speech does not make investors anxious. 'Vague / reassured' fails because a vague speech creates uncertainty, not reassurance.",s-eng-9-2-1,medium,ai-generated,false,D,vague / reassured,false,4
q-eng9.2-13,ENG9.2,mc,"Choose the pair where BOTH words correctly fit the context: 'The documentary _____ the harsh realities of poverty and _____ viewers to take action.'","'Exposed / urged' is correct — exposing realities logically leads to urging viewers to respond, a coherent cause-effect chain. 'Concealed / motivated' fails because concealing realities is the opposite of raising awareness that leads to action. 'Highlighted / discouraged' is contradictory — highlighting a problem would motivate, not discourage, action. 'Exposed / dissuaded' is contradictory — exposing injustice drives action; dissuading viewers from action reverses the expected effect.",s-eng-9-2-1,medium,ai-generated,false,A,concealed / motivated,false,1
q-eng9.2-13,ENG9.2,mc,"Choose the pair where BOTH words correctly fit the context: 'The documentary _____ the harsh realities of poverty and _____ viewers to take action.'","'Exposed / urged' is correct — exposing realities logically leads to urging viewers to respond, a coherent cause-effect chain. 'Concealed / motivated' fails because concealing realities is the opposite of raising awareness that leads to action. 'Highlighted / discouraged' is contradictory — highlighting a problem would motivate, not discourage, action. 'Exposed / dissuaded' is contradictory — exposing injustice drives action; dissuading viewers from action reverses the expected effect.",s-eng-9-2-1,medium,ai-generated,false,B,exposed / urged,true,2
q-eng9.2-13,ENG9.2,mc,"Choose the pair where BOTH words correctly fit the context: 'The documentary _____ the harsh realities of poverty and _____ viewers to take action.'","'Exposed / urged' is correct — exposing realities logically leads to urging viewers to respond, a coherent cause-effect chain. 'Concealed / motivated' fails because concealing realities is the opposite of raising awareness that leads to action. 'Highlighted / discouraged' is contradictory — highlighting a problem would motivate, not discourage, action. 'Exposed / dissuaded' is contradictory — exposing injustice drives action; dissuading viewers from action reverses the expected effect.",s-eng-9-2-1,medium,ai-generated,false,C,highlighted / discouraged,false,3
q-eng9.2-13,ENG9.2,mc,"Choose the pair where BOTH words correctly fit the context: 'The documentary _____ the harsh realities of poverty and _____ viewers to take action.'","'Exposed / urged' is correct — exposing realities logically leads to urging viewers to respond, a coherent cause-effect chain. 'Concealed / motivated' fails because concealing realities is the opposite of raising awareness that leads to action. 'Highlighted / discouraged' is contradictory — highlighting a problem would motivate, not discourage, action. 'Exposed / dissuaded' is contradictory — exposing injustice drives action; dissuading viewers from action reverses the expected effect.",s-eng-9-2-1,medium,ai-generated,false,D,exposed / dissuaded,false,4
q-eng9.2-14,ENG9.2,mc,"Choose the pair where BOTH words correctly fit the context: 'His _____ attitude towards work made him highly _____ among his colleagues.'","'Dedicated / respected' is correct because dedication to work is the quality that earns professional respect from peers. 'Indifferent / popular' fails because indifference at work does not make someone popular in a professional setting. 'Lazy / respected' is contradictory — laziness does not earn respect in a workplace context. 'Careless / admired' is contradictory — carelessness typically generates frustration, not admiration, among colleagues.",s-eng-9-2-1,easy,ai-generated,false,A,indifferent / popular,false,1
q-eng9.2-14,ENG9.2,mc,"Choose the pair where BOTH words correctly fit the context: 'His _____ attitude towards work made him highly _____ among his colleagues.'","'Dedicated / respected' is correct because dedication to work is the quality that earns professional respect from peers. 'Indifferent / popular' fails because indifference at work does not make someone popular in a professional setting. 'Lazy / respected' is contradictory — laziness does not earn respect in a workplace context. 'Careless / admired' is contradictory — carelessness typically generates frustration, not admiration, among colleagues.",s-eng-9-2-1,easy,ai-generated,false,B,lazy / respected,false,2
q-eng9.2-14,ENG9.2,mc,"Choose the pair where BOTH words correctly fit the context: 'His _____ attitude towards work made him highly _____ among his colleagues.'","'Dedicated / respected' is correct because dedication to work is the quality that earns professional respect from peers. 'Indifferent / popular' fails because indifference at work does not make someone popular in a professional setting. 'Lazy / respected' is contradictory — laziness does not earn respect in a workplace context. 'Careless / admired' is contradictory — carelessness typically generates frustration, not admiration, among colleagues.",s-eng-9-2-1,easy,ai-generated,false,C,dedicated / respected,true,3
q-eng9.2-14,ENG9.2,mc,"Choose the pair where BOTH words correctly fit the context: 'His _____ attitude towards work made him highly _____ among his colleagues.'","'Dedicated / respected' is correct because dedication to work is the quality that earns professional respect from peers. 'Indifferent / popular' fails because indifference at work does not make someone popular in a professional setting. 'Lazy / respected' is contradictory — laziness does not earn respect in a workplace context. 'Careless / admired' is contradictory — carelessness typically generates frustration, not admiration, among colleagues.",s-eng-9-2-1,easy,ai-generated,false,D,careless / admired,false,4
q-eng9.2-15,ENG9.2,mc,"Choose the pair where BOTH words correctly fit the context: 'Despite being _____ at fighting infections, the antibiotic was withdrawn because of its _____ side effects.'","'Effective / severe' is correct because 'despite' signals a contrast — the antibiotic worked well but was pulled due to dangerous side effects, a realistic medical trade-off. 'Ineffective / dangerous' loses the contrast implied by 'despite' — withdrawing something both ineffective and dangerous needs no concession. 'Effective / negligible' is contradictory in context — negligible (trivial) side effects would not justify withdrawal. 'Harmful / severe' is redundant — the antibiotic cannot be both the cause and victim of harm simultaneously.",s-eng-9-2-1,hard,ai-generated,false,A,ineffective / dangerous,false,1
q-eng9.2-15,ENG9.2,mc,"Choose the pair where BOTH words correctly fit the context: 'Despite being _____ at fighting infections, the antibiotic was withdrawn because of its _____ side effects.'","'Effective / severe' is correct because 'despite' signals a contrast — the antibiotic worked well but was pulled due to dangerous side effects, a realistic medical trade-off. 'Ineffective / dangerous' loses the contrast implied by 'despite' — withdrawing something both ineffective and dangerous needs no concession. 'Effective / negligible' is contradictory in context — negligible (trivial) side effects would not justify withdrawal. 'Harmful / severe' is redundant — the antibiotic cannot be both the cause and victim of harm simultaneously.",s-eng-9-2-1,hard,ai-generated,false,B,effective / negligible,false,2
q-eng9.2-15,ENG9.2,mc,"Choose the pair where BOTH words correctly fit the context: 'Despite being _____ at fighting infections, the antibiotic was withdrawn because of its _____ side effects.'","'Effective / severe' is correct because 'despite' signals a contrast — the antibiotic worked well but was pulled due to dangerous side effects, a realistic medical trade-off. 'Ineffective / dangerous' loses the contrast implied by 'despite' — withdrawing something both ineffective and dangerous needs no concession. 'Effective / negligible' is contradictory in context — negligible (trivial) side effects would not justify withdrawal. 'Harmful / severe' is redundant — the antibiotic cannot be both the cause and victim of harm simultaneously.",s-eng-9-2-1,hard,ai-generated,false,C,harmful / severe,false,3
q-eng9.2-15,ENG9.2,mc,"Choose the pair where BOTH words correctly fit the context: 'Despite being _____ at fighting infections, the antibiotic was withdrawn because of its _____ side effects.'","'Effective / severe' is correct because 'despite' signals a contrast — the antibiotic worked well but was pulled due to dangerous side effects, a realistic medical trade-off. 'Ineffective / dangerous' loses the contrast implied by 'despite' — withdrawing something both ineffective and dangerous needs no concession. 'Effective / negligible' is contradictory in context — negligible (trivial) side effects would not justify withdrawal. 'Harmful / severe' is redundant — the antibiotic cannot be both the cause and victim of harm simultaneously.",s-eng-9-2-1,hard,ai-generated,false,D,effective / severe,true,4
q-eng9.2-16,ENG9.2,mc,"Choose the pair where BOTH words correctly fit the context: 'The professor's _____ explanation made a difficult concept _____ to the students.'","'Clear / accessible' is correct because a clear explanation removes barriers, making the concept accessible — the two words reinforce each other. 'Confusing / understandable' is contradictory — a confusing explanation makes understanding harder, not easier. 'Brief / complex' is contradictory — brevity does not make something complex; the two ideas conflict. 'Clear / complicated' is contradictory — a clear explanation simplifies, not complicates, a concept.",s-eng-9-2-1,easy,ai-generated,false,A,clear / accessible,true,1
q-eng9.2-16,ENG9.2,mc,"Choose the pair where BOTH words correctly fit the context: 'The professor's _____ explanation made a difficult concept _____ to the students.'","'Clear / accessible' is correct because a clear explanation removes barriers, making the concept accessible — the two words reinforce each other. 'Confusing / understandable' is contradictory — a confusing explanation makes understanding harder, not easier. 'Brief / complex' is contradictory — brevity does not make something complex; the two ideas conflict. 'Clear / complicated' is contradictory — a clear explanation simplifies, not complicates, a concept.",s-eng-9-2-1,easy,ai-generated,false,B,confusing / understandable,false,2
q-eng9.2-16,ENG9.2,mc,"Choose the pair where BOTH words correctly fit the context: 'The professor's _____ explanation made a difficult concept _____ to the students.'","'Clear / accessible' is correct because a clear explanation removes barriers, making the concept accessible — the two words reinforce each other. 'Confusing / understandable' is contradictory — a confusing explanation makes understanding harder, not easier. 'Brief / complex' is contradictory — brevity does not make something complex; the two ideas conflict. 'Clear / complicated' is contradictory — a clear explanation simplifies, not complicates, a concept.",s-eng-9-2-1,easy,ai-generated,false,C,brief / complex,false,3
q-eng9.2-16,ENG9.2,mc,"Choose the pair where BOTH words correctly fit the context: 'The professor's _____ explanation made a difficult concept _____ to the students.'","'Clear / accessible' is correct because a clear explanation removes barriers, making the concept accessible — the two words reinforce each other. 'Confusing / understandable' is contradictory — a confusing explanation makes understanding harder, not easier. 'Brief / complex' is contradictory — brevity does not make something complex; the two ideas conflict. 'Clear / complicated' is contradictory — a clear explanation simplifies, not complicates, a concept.",s-eng-9-2-1,easy,ai-generated,false,D,clear / complicated,false,4
q-eng9.2-17,ENG9.2,mc,"Choose the pair where BOTH words correctly fit the context: 'The athlete's _____ training schedule helped him _____ remarkable results at the championship.'","'Rigorous / achieve' is correct because a demanding training schedule is the direct cause of achieving outstanding competition results. 'Casual / achieve' is implausible — casual training rarely produces the remarkable results implied by championship performance. 'Irregular / maintain' is weak — irregular training is inconsistent with sustaining results at a high level. 'Rigorous / avoid' is contradictory — rigorous training is done precisely to pursue results, not avoid them.",s-eng-9-2-1,medium,ai-generated,false,A,casual / achieve,false,1
q-eng9.2-17,ENG9.2,mc,"Choose the pair where BOTH words correctly fit the context: 'The athlete's _____ training schedule helped him _____ remarkable results at the championship.'","'Rigorous / achieve' is correct because a demanding training schedule is the direct cause of achieving outstanding competition results. 'Casual / achieve' is implausible — casual training rarely produces the remarkable results implied by championship performance. 'Irregular / maintain' is weak — irregular training is inconsistent with sustaining results at a high level. 'Rigorous / avoid' is contradictory — rigorous training is done precisely to pursue results, not avoid them.",s-eng-9-2-1,medium,ai-generated,false,B,rigorous / achieve,true,2
q-eng9.2-17,ENG9.2,mc,"Choose the pair where BOTH words correctly fit the context: 'The athlete's _____ training schedule helped him _____ remarkable results at the championship.'","'Rigorous / achieve' is correct because a demanding training schedule is the direct cause of achieving outstanding competition results. 'Casual / achieve' is implausible — casual training rarely produces the remarkable results implied by championship performance. 'Irregular / maintain' is weak — irregular training is inconsistent with sustaining results at a high level. 'Rigorous / avoid' is contradictory — rigorous training is done precisely to pursue results, not avoid them.",s-eng-9-2-1,medium,ai-generated,false,C,irregular / maintain,false,3
q-eng9.2-17,ENG9.2,mc,"Choose the pair where BOTH words correctly fit the context: 'The athlete's _____ training schedule helped him _____ remarkable results at the championship.'","'Rigorous / achieve' is correct because a demanding training schedule is the direct cause of achieving outstanding competition results. 'Casual / achieve' is implausible — casual training rarely produces the remarkable results implied by championship performance. 'Irregular / maintain' is weak — irregular training is inconsistent with sustaining results at a high level. 'Rigorous / avoid' is contradictory — rigorous training is done precisely to pursue results, not avoid them.",s-eng-9-2-1,medium,ai-generated,false,D,rigorous / avoid,false,4
q-eng9.2-18,ENG9.2,mc,"Choose the pair where BOTH words correctly fit the context: 'The diplomat's _____ response to the allegations helped to _____ tensions between the two countries.'","'Measured / ease' is correct — a careful, considered diplomatic response logically helps reduce tensions between nations. 'Aggressive / escalate' has internal consistency but contradicts the positive framing ('helped to') — aggression escalates tensions rather than helping. 'Diplomatic / heighten' is contradictory — a diplomatic response would ease, not heighten, tensions. 'Provocative / reduce' is contradictory — a provocative response would increase tensions, not reduce them.",s-eng-9-2-1,hard,ai-generated,false,A,aggressive / escalate,false,1
q-eng9.2-18,ENG9.2,mc,"Choose the pair where BOTH words correctly fit the context: 'The diplomat's _____ response to the allegations helped to _____ tensions between the two countries.'","'Measured / ease' is correct — a careful, considered diplomatic response logically helps reduce tensions between nations. 'Aggressive / escalate' has internal consistency but contradicts the positive framing ('helped to') — aggression escalates tensions rather than helping. 'Diplomatic / heighten' is contradictory — a diplomatic response would ease, not heighten, tensions. 'Provocative / reduce' is contradictory — a provocative response would increase tensions, not reduce them.",s-eng-9-2-1,hard,ai-generated,false,B,diplomatic / heighten,false,2
q-eng9.2-18,ENG9.2,mc,"Choose the pair where BOTH words correctly fit the context: 'The diplomat's _____ response to the allegations helped to _____ tensions between the two countries.'","'Measured / ease' is correct — a careful, considered diplomatic response logically helps reduce tensions between nations. 'Aggressive / escalate' has internal consistency but contradicts the positive framing ('helped to') — aggression escalates tensions rather than helping. 'Diplomatic / heighten' is contradictory — a diplomatic response would ease, not heighten, tensions. 'Provocative / reduce' is contradictory — a provocative response would increase tensions, not reduce them.",s-eng-9-2-1,hard,ai-generated,false,C,measured / ease,true,3
q-eng9.2-18,ENG9.2,mc,"Choose the pair where BOTH words correctly fit the context: 'The diplomat's _____ response to the allegations helped to _____ tensions between the two countries.'","'Measured / ease' is correct — a careful, considered diplomatic response logically helps reduce tensions between nations. 'Aggressive / escalate' has internal consistency but contradicts the positive framing ('helped to') — aggression escalates tensions rather than helping. 'Diplomatic / heighten' is contradictory — a diplomatic response would ease, not heighten, tensions. 'Provocative / reduce' is contradictory — a provocative response would increase tensions, not reduce them.",s-eng-9-2-1,hard,ai-generated,false,D,provocative / reduce,false,4
q-eng9.2-19,ENG9.2,mc,"Choose the pair where BOTH words correctly fit the context: 'The startup's _____ approach to customer service earned it a _____ reputation in the industry.'","'Exemplary / stellar' is correct because outstanding service is the direct cause of an outstanding reputation — both words are positive and causally linked. 'Negligent / sterling' is contradictory — negligent (careless) service cannot earn a sterling (excellent) reputation. 'Innovative / negative' is contradictory — an innovative approach would earn a positive, not negative, reputation. 'Sloppy / stellar' is contradictory — sloppy service cannot produce a stellar (first-rate) reputation.",s-eng-9-2-1,medium,ai-generated,false,A,negligent / sterling,false,1
q-eng9.2-19,ENG9.2,mc,"Choose the pair where BOTH words correctly fit the context: 'The startup's _____ approach to customer service earned it a _____ reputation in the industry.'","'Exemplary / stellar' is correct because outstanding service is the direct cause of an outstanding reputation — both words are positive and causally linked. 'Negligent / sterling' is contradictory — negligent (careless) service cannot earn a sterling (excellent) reputation. 'Innovative / negative' is contradictory — an innovative approach would earn a positive, not negative, reputation. 'Sloppy / stellar' is contradictory — sloppy service cannot produce a stellar (first-rate) reputation.",s-eng-9-2-1,medium,ai-generated,false,B,innovative / negative,false,2
q-eng9.2-19,ENG9.2,mc,"Choose the pair where BOTH words correctly fit the context: 'The startup's _____ approach to customer service earned it a _____ reputation in the industry.'","'Exemplary / stellar' is correct because outstanding service is the direct cause of an outstanding reputation — both words are positive and causally linked. 'Negligent / sterling' is contradictory — negligent (careless) service cannot earn a sterling (excellent) reputation. 'Innovative / negative' is contradictory — an innovative approach would earn a positive, not negative, reputation. 'Sloppy / stellar' is contradictory — sloppy service cannot produce a stellar (first-rate) reputation.",s-eng-9-2-1,medium,ai-generated,false,C,sloppy / stellar,false,3
q-eng9.2-19,ENG9.2,mc,"Choose the pair where BOTH words correctly fit the context: 'The startup's _____ approach to customer service earned it a _____ reputation in the industry.'","'Exemplary / stellar' is correct because outstanding service is the direct cause of an outstanding reputation — both words are positive and causally linked. 'Negligent / sterling' is contradictory — negligent (careless) service cannot earn a sterling (excellent) reputation. 'Innovative / negative' is contradictory — an innovative approach would earn a positive, not negative, reputation. 'Sloppy / stellar' is contradictory — sloppy service cannot produce a stellar (first-rate) reputation.",s-eng-9-2-1,medium,ai-generated,false,D,exemplary / stellar,true,4
q-eng9.2-20,ENG9.2,mc,"Choose the pair where BOTH words correctly fit the context: 'The company's decision to _____ its prices during the crisis was seen as _____ by the public.'","'Raise / exploitative' is correct because raising prices during a crisis is the classic definition of exploitative behaviour — the two words are causally and morally linked. 'Lower / exploitative' is contradictory — lowering prices during a crisis is a generous act, the opposite of exploitative. 'Freeze / generous' has internal consistency but 'freeze' (keeping prices stable) is less strongly positive than actually lowering them, making 'generous' a stretch. 'Raise / commendable' is contradictory — raising prices during a crisis is not praiseworthy.",s-eng-9-2-1,medium,ai-generated,false,A,lower / exploitative,false,1
q-eng9.2-20,ENG9.2,mc,"Choose the pair where BOTH words correctly fit the context: 'The company's decision to _____ its prices during the crisis was seen as _____ by the public.'","'Raise / exploitative' is correct because raising prices during a crisis is the classic definition of exploitative behaviour — the two words are causally and morally linked. 'Lower / exploitative' is contradictory — lowering prices during a crisis is a generous act, the opposite of exploitative. 'Freeze / generous' has internal consistency but 'freeze' (keeping prices stable) is less strongly positive than actually lowering them, making 'generous' a stretch. 'Raise / commendable' is contradictory — raising prices during a crisis is not praiseworthy.",s-eng-9-2-1,medium,ai-generated,false,B,raise / exploitative,true,2
q-eng9.2-20,ENG9.2,mc,"Choose the pair where BOTH words correctly fit the context: 'The company's decision to _____ its prices during the crisis was seen as _____ by the public.'","'Raise / exploitative' is correct because raising prices during a crisis is the classic definition of exploitative behaviour — the two words are causally and morally linked. 'Lower / exploitative' is contradictory — lowering prices during a crisis is a generous act, the opposite of exploitative. 'Freeze / generous' has internal consistency but 'freeze' (keeping prices stable) is less strongly positive than actually lowering them, making 'generous' a stretch. 'Raise / commendable' is contradictory — raising prices during a crisis is not praiseworthy.",s-eng-9-2-1,medium,ai-generated,false,C,freeze / generous,false,3
q-eng9.2-20,ENG9.2,mc,"Choose the pair where BOTH words correctly fit the context: 'The company's decision to _____ its prices during the crisis was seen as _____ by the public.'","'Raise / exploitative' is correct because raising prices during a crisis is the classic definition of exploitative behaviour — the two words are causally and morally linked. 'Lower / exploitative' is contradictory — lowering prices during a crisis is a generous act, the opposite of exploitative. 'Freeze / generous' has internal consistency but 'freeze' (keeping prices stable) is less strongly positive than actually lowering them, making 'generous' a stretch. 'Raise / commendable' is contradictory — raising prices during a crisis is not praiseworthy.",s-eng-9-2-1,medium,ai-generated,false,D,raise / commendable,false,4
q-eng9.2-21,ENG9.2,mc,"Choose the option that correctly completes the sentence: 'Although she had studied hard, _____.'","'She failed to clear the cut-off' is correct because 'although' signals a contrast — studying hard is the conceded fact, and failing is the unexpected result. 'She passed the exam with flying colours' removes the contrast implied by 'although'. 'The exam seemed straightforward' gives no meaningful contrast with hard study. 'The teacher praised her performance' is also a positive outcome inconsistent with the concessive 'although'.",s-eng-9-2-2,easy,ai-generated,false,A,she passed the exam with flying colours,false,1
q-eng9.2-21,ENG9.2,mc,"Choose the option that correctly completes the sentence: 'Although she had studied hard, _____.'","'She failed to clear the cut-off' is correct because 'although' signals a contrast — studying hard is the conceded fact, and failing is the unexpected result. 'She passed the exam with flying colours' removes the contrast implied by 'although'. 'The exam seemed straightforward' gives no meaningful contrast with hard study. 'The teacher praised her performance' is also a positive outcome inconsistent with the concessive 'although'.",s-eng-9-2-2,easy,ai-generated,false,B,the exam seemed straightforward,false,2
q-eng9.2-21,ENG9.2,mc,"Choose the option that correctly completes the sentence: 'Although she had studied hard, _____.'","'She failed to clear the cut-off' is correct because 'although' signals a contrast — studying hard is the conceded fact, and failing is the unexpected result. 'She passed the exam with flying colours' removes the contrast implied by 'although'. 'The exam seemed straightforward' gives no meaningful contrast with hard study. 'The teacher praised her performance' is also a positive outcome inconsistent with the concessive 'although'.",s-eng-9-2-2,easy,ai-generated,false,C,she failed to clear the cut-off,true,3
q-eng9.2-21,ENG9.2,mc,"Choose the option that correctly completes the sentence: 'Although she had studied hard, _____.'","'She failed to clear the cut-off' is correct because 'although' signals a contrast — studying hard is the conceded fact, and failing is the unexpected result. 'She passed the exam with flying colours' removes the contrast implied by 'although'. 'The exam seemed straightforward' gives no meaningful contrast with hard study. 'The teacher praised her performance' is also a positive outcome inconsistent with the concessive 'although'.",s-eng-9-2-2,easy,ai-generated,false,D,the teacher praised her performance,false,4
q-eng9.2-22,ENG9.2,mc,"Choose the option that correctly completes the sentence: 'The more you practise, _____.'","'The better you will get' is correct because the 'the more...the better' pattern requires 'the + comparative' in the result clause. 'You will get better' omits the required 'the' before 'better', breaking the correlative structure. 'Better will you get' uses inversion incorrectly — inverted word order is not standard in the result clause of this pattern. 'The better you got' shifts to past tense, which is inconsistent with the present-tense condition.",s-eng-9-2-2,medium,ai-generated,false,A,you will get better,false,1
q-eng9.2-22,ENG9.2,mc,"Choose the option that correctly completes the sentence: 'The more you practise, _____.'","'The better you will get' is correct because the 'the more...the better' pattern requires 'the + comparative' in the result clause. 'You will get better' omits the required 'the' before 'better', breaking the correlative structure. 'Better will you get' uses inversion incorrectly — inverted word order is not standard in the result clause of this pattern. 'The better you got' shifts to past tense, which is inconsistent with the present-tense condition.",s-eng-9-2-2,medium,ai-generated,false,B,better will you get,false,2
q-eng9.2-22,ENG9.2,mc,"Choose the option that correctly completes the sentence: 'The more you practise, _____.'","'The better you will get' is correct because the 'the more...the better' pattern requires 'the + comparative' in the result clause. 'You will get better' omits the required 'the' before 'better', breaking the correlative structure. 'Better will you get' uses inversion incorrectly — inverted word order is not standard in the result clause of this pattern. 'The better you got' shifts to past tense, which is inconsistent with the present-tense condition.",s-eng-9-2-2,medium,ai-generated,false,C,the better you got,false,3
q-eng9.2-22,ENG9.2,mc,"Choose the option that correctly completes the sentence: 'The more you practise, _____.'","'The better you will get' is correct because the 'the more...the better' pattern requires 'the + comparative' in the result clause. 'You will get better' omits the required 'the' before 'better', breaking the correlative structure. 'Better will you get' uses inversion incorrectly — inverted word order is not standard in the result clause of this pattern. 'The better you got' shifts to past tense, which is inconsistent with the present-tense condition.",s-eng-9-2-2,medium,ai-generated,false,D,the better you will get,true,4
q-eng9.2-23,ENG9.2,mc,"Choose the option that correctly completes the sentence: 'Unless you submit the form today, _____.'","'Your application will not be processed' is correct because 'unless' means 'if not', so the result clause must state the negative consequence of not acting. 'Your application will be processed' reverses the logic — it states a positive outcome for failing the condition set by 'unless'. 'The form must be submitted again' is a command, not a result clause, and does not logically follow. 'Your application would not be processed' uses 'would' which belongs to a hypothetical/type-2 conditional, not the real conditional introduced by 'unless'.",s-eng-9-2-2,medium,ai-generated,false,A,your application will not be processed,true,1
q-eng9.2-23,ENG9.2,mc,"Choose the option that correctly completes the sentence: 'Unless you submit the form today, _____.'","'Your application will not be processed' is correct because 'unless' means 'if not', so the result clause must state the negative consequence of not acting. 'Your application will be processed' reverses the logic — it states a positive outcome for failing the condition set by 'unless'. 'The form must be submitted again' is a command, not a result clause, and does not logically follow. 'Your application would not be processed' uses 'would' which belongs to a hypothetical/type-2 conditional, not the real conditional introduced by 'unless'.",s-eng-9-2-2,medium,ai-generated,false,B,your application will be processed,false,2
q-eng9.2-23,ENG9.2,mc,"Choose the option that correctly completes the sentence: 'Unless you submit the form today, _____.'","'Your application will not be processed' is correct because 'unless' means 'if not', so the result clause must state the negative consequence of not acting. 'Your application will be processed' reverses the logic — it states a positive outcome for failing the condition set by 'unless'. 'The form must be submitted again' is a command, not a result clause, and does not logically follow. 'Your application would not be processed' uses 'would' which belongs to a hypothetical/type-2 conditional, not the real conditional introduced by 'unless'.",s-eng-9-2-2,medium,ai-generated,false,C,the form must be submitted again,false,3
q-eng9.2-23,ENG9.2,mc,"Choose the option that correctly completes the sentence: 'Unless you submit the form today, _____.'","'Your application will not be processed' is correct because 'unless' means 'if not', so the result clause must state the negative consequence of not acting. 'Your application will be processed' reverses the logic — it states a positive outcome for failing the condition set by 'unless'. 'The form must be submitted again' is a command, not a result clause, and does not logically follow. 'Your application would not be processed' uses 'would' which belongs to a hypothetical/type-2 conditional, not the real conditional introduced by 'unless'.",s-eng-9-2-2,medium,ai-generated,false,D,your application would not be processed,false,4
q-eng9.2-24,ENG9.2,mc,"Choose the option that correctly completes the sentence: 'Hardly had she entered the office _____.'","'When the phone rang' is correct because the fixed structure for 'hardly' inversion is 'hardly...when' — as soon as one event occurred, the other happened. 'Than the phone rang' is wrong — 'than' is used with 'no sooner...than', not with 'hardly'. 'When the phone would ring' incorrectly inserts a modal in the result clause, which is not used in this construction. 'That the phone rang' uses 'that' which belongs to 'so...that' constructions, not 'hardly' inversion.",s-eng-9-2-2,medium,ai-generated,false,A,than the phone rang,false,1
q-eng9.2-24,ENG9.2,mc,"Choose the option that correctly completes the sentence: 'Hardly had she entered the office _____.'","'When the phone rang' is correct because the fixed structure for 'hardly' inversion is 'hardly...when' — as soon as one event occurred, the other happened. 'Than the phone rang' is wrong — 'than' is used with 'no sooner...than', not with 'hardly'. 'When the phone would ring' incorrectly inserts a modal in the result clause, which is not used in this construction. 'That the phone rang' uses 'that' which belongs to 'so...that' constructions, not 'hardly' inversion.",s-eng-9-2-2,medium,ai-generated,false,B,when the phone rang,true,2
q-eng9.2-24,ENG9.2,mc,"Choose the option that correctly completes the sentence: 'Hardly had she entered the office _____.'","'When the phone rang' is correct because the fixed structure for 'hardly' inversion is 'hardly...when' — as soon as one event occurred, the other happened. 'Than the phone rang' is wrong — 'than' is used with 'no sooner...than', not with 'hardly'. 'When the phone would ring' incorrectly inserts a modal in the result clause, which is not used in this construction. 'That the phone rang' uses 'that' which belongs to 'so...that' constructions, not 'hardly' inversion.",s-eng-9-2-2,medium,ai-generated,false,C,when the phone would ring,false,3
q-eng9.2-24,ENG9.2,mc,"Choose the option that correctly completes the sentence: 'Hardly had she entered the office _____.'","'When the phone rang' is correct because the fixed structure for 'hardly' inversion is 'hardly...when' — as soon as one event occurred, the other happened. 'Than the phone rang' is wrong — 'than' is used with 'no sooner...than', not with 'hardly'. 'When the phone would ring' incorrectly inserts a modal in the result clause, which is not used in this construction. 'That the phone rang' uses 'that' which belongs to 'so...that' constructions, not 'hardly' inversion.",s-eng-9-2-2,medium,ai-generated,false,D,that the phone rang,false,4
q-eng9.2-25,ENG9.2,mc,"Choose the option that correctly completes the sentence: 'Had I known about the traffic, _____.'","'I would have taken a different route' is correct because 'had I known' is the inverted form of 'if I had known' — a Type 3 conditional — which requires 'would have + past participle' in the result clause. 'I will take a different route' uses 'will', which belongs to Type 1 conditionals, not the past hypothetical. 'I would take a different route' uses the Type 2 form, which is inconsistent with the past perfect condition. 'I had taken a different route' repeats the past perfect but does not form any standard conditional result clause.",s-eng-9-2-2,hard,ai-generated,false,A,I will take a different route,false,1
q-eng9.2-25,ENG9.2,mc,"Choose the option that correctly completes the sentence: 'Had I known about the traffic, _____.'","'I would have taken a different route' is correct because 'had I known' is the inverted form of 'if I had known' — a Type 3 conditional — which requires 'would have + past participle' in the result clause. 'I will take a different route' uses 'will', which belongs to Type 1 conditionals, not the past hypothetical. 'I would take a different route' uses the Type 2 form, which is inconsistent with the past perfect condition. 'I had taken a different route' repeats the past perfect but does not form any standard conditional result clause.",s-eng-9-2-2,hard,ai-generated,false,B,I would take a different route,false,2
q-eng9.2-25,ENG9.2,mc,"Choose the option that correctly completes the sentence: 'Had I known about the traffic, _____.'","'I would have taken a different route' is correct because 'had I known' is the inverted form of 'if I had known' — a Type 3 conditional — which requires 'would have + past participle' in the result clause. 'I will take a different route' uses 'will', which belongs to Type 1 conditionals, not the past hypothetical. 'I would take a different route' uses the Type 2 form, which is inconsistent with the past perfect condition. 'I had taken a different route' repeats the past perfect but does not form any standard conditional result clause.",s-eng-9-2-2,hard,ai-generated,false,C,I would have taken a different route,true,3
q-eng9.2-25,ENG9.2,mc,"Choose the option that correctly completes the sentence: 'Had I known about the traffic, _____.'","'I would have taken a different route' is correct because 'had I known' is the inverted form of 'if I had known' — a Type 3 conditional — which requires 'would have + past participle' in the result clause. 'I will take a different route' uses 'will', which belongs to Type 1 conditionals, not the past hypothetical. 'I would take a different route' uses the Type 2 form, which is inconsistent with the past perfect condition. 'I had taken a different route' repeats the past perfect but does not form any standard conditional result clause.",s-eng-9-2-2,hard,ai-generated,false,D,I had taken a different route,false,4
q-eng9.2-26,ENG9.2,mc,"Choose the option that correctly completes the sentence: 'It was not until midnight _____.'","'That she finally arrived' is correct because the cleft construction 'it was not until [time]...that [clause]' is the standard pattern in English. 'When she finally arrived' uses 'when' which is not part of the 'not until...that' cleft structure. 'Then she finally arrived' uses 'then' which functions as an adverb, not a conjunction connecting a cleft clause. 'She finally arrived' omits the required connector 'that', leaving the sentence structurally incomplete.",s-eng-9-2-2,hard,ai-generated,false,A,when she finally arrived,false,1
q-eng9.2-26,ENG9.2,mc,"Choose the option that correctly completes the sentence: 'It was not until midnight _____.'","'That she finally arrived' is correct because the cleft construction 'it was not until [time]...that [clause]' is the standard pattern in English. 'When she finally arrived' uses 'when' which is not part of the 'not until...that' cleft structure. 'Then she finally arrived' uses 'then' which functions as an adverb, not a conjunction connecting a cleft clause. 'She finally arrived' omits the required connector 'that', leaving the sentence structurally incomplete.",s-eng-9-2-2,hard,ai-generated,false,B,then she finally arrived,false,2
q-eng9.2-26,ENG9.2,mc,"Choose the option that correctly completes the sentence: 'It was not until midnight _____.'","'That she finally arrived' is correct because the cleft construction 'it was not until [time]...that [clause]' is the standard pattern in English. 'When she finally arrived' uses 'when' which is not part of the 'not until...that' cleft structure. 'Then she finally arrived' uses 'then' which functions as an adverb, not a conjunction connecting a cleft clause. 'She finally arrived' omits the required connector 'that', leaving the sentence structurally incomplete.",s-eng-9-2-2,hard,ai-generated,false,C,she finally arrived,false,3
q-eng9.2-26,ENG9.2,mc,"Choose the option that correctly completes the sentence: 'It was not until midnight _____.'","'That she finally arrived' is correct because the cleft construction 'it was not until [time]...that [clause]' is the standard pattern in English. 'When she finally arrived' uses 'when' which is not part of the 'not until...that' cleft structure. 'Then she finally arrived' uses 'then' which functions as an adverb, not a conjunction connecting a cleft clause. 'She finally arrived' omits the required connector 'that', leaving the sentence structurally incomplete.",s-eng-9-2-2,hard,ai-generated,false,D,that she finally arrived,true,4
q-eng9.2-27,ENG9.2,mc,"Choose the option that correctly completes the sentence: 'No sooner had the train departed _____.'","'Than the announcement was made' is correct because 'no sooner...than' is the fixed paired construction for expressing two events in rapid succession. 'When the announcement was made' is wrong — 'when' pairs with 'hardly/scarcely', not 'no sooner'. 'That the announcement was made' is wrong — 'that' does not pair with 'no sooner' in standard English. 'Then the announcement was made' is wrong — 'then' is not used as the second connector in this paired structure.",s-eng-9-2-2,medium,ai-generated,false,A,than the announcement was made,true,1
q-eng9.2-27,ENG9.2,mc,"Choose the option that correctly completes the sentence: 'No sooner had the train departed _____.'","'Than the announcement was made' is correct because 'no sooner...than' is the fixed paired construction for expressing two events in rapid succession. 'When the announcement was made' is wrong — 'when' pairs with 'hardly/scarcely', not 'no sooner'. 'That the announcement was made' is wrong — 'that' does not pair with 'no sooner' in standard English. 'Then the announcement was made' is wrong — 'then' is not used as the second connector in this paired structure.",s-eng-9-2-2,medium,ai-generated,false,B,when the announcement was made,false,2
q-eng9.2-27,ENG9.2,mc,"Choose the option that correctly completes the sentence: 'No sooner had the train departed _____.'","'Than the announcement was made' is correct because 'no sooner...than' is the fixed paired construction for expressing two events in rapid succession. 'When the announcement was made' is wrong — 'when' pairs with 'hardly/scarcely', not 'no sooner'. 'That the announcement was made' is wrong — 'that' does not pair with 'no sooner' in standard English. 'Then the announcement was made' is wrong — 'then' is not used as the second connector in this paired structure.",s-eng-9-2-2,medium,ai-generated,false,C,that the announcement was made,false,3
q-eng9.2-27,ENG9.2,mc,"Choose the option that correctly completes the sentence: 'No sooner had the train departed _____.'","'Than the announcement was made' is correct because 'no sooner...than' is the fixed paired construction for expressing two events in rapid succession. 'When the announcement was made' is wrong — 'when' pairs with 'hardly/scarcely', not 'no sooner'. 'That the announcement was made' is wrong — 'that' does not pair with 'no sooner' in standard English. 'Then the announcement was made' is wrong — 'then' is not used as the second connector in this paired structure.",s-eng-9-2-2,medium,ai-generated,false,D,then the announcement was made,false,4
q-eng9.2-28,ENG9.2,mc,"Choose the option that correctly completes the sentence: 'I wish I _____ more time to prepare for the interview.'","'Had' is correct because 'I wish + past simple' expresses a wish about the present or future that is contrary to reality. 'Have' uses the present tense, which is not the subjunctive/past form required after 'wish'. 'Would have' is non-standard after 'I wish' for present wishes — 'I wish I would have' is a common error; the correct form is 'I wish I had'. 'Will have' uses the future perfect, which is not accepted after 'wish' when expressing a current unreal wish.",s-eng-9-2-2,medium,ai-generated,false,A,have,false,1
q-eng9.2-28,ENG9.2,mc,"Choose the option that correctly completes the sentence: 'I wish I _____ more time to prepare for the interview.'","'Had' is correct because 'I wish + past simple' expresses a wish about the present or future that is contrary to reality. 'Have' uses the present tense, which is not the subjunctive/past form required after 'wish'. 'Would have' is non-standard after 'I wish' for present wishes — 'I wish I would have' is a common error; the correct form is 'I wish I had'. 'Will have' uses the future perfect, which is not accepted after 'wish' when expressing a current unreal wish.",s-eng-9-2-2,medium,ai-generated,false,B,had,true,2
q-eng9.2-28,ENG9.2,mc,"Choose the option that correctly completes the sentence: 'I wish I _____ more time to prepare for the interview.'","'Had' is correct because 'I wish + past simple' expresses a wish about the present or future that is contrary to reality. 'Have' uses the present tense, which is not the subjunctive/past form required after 'wish'. 'Would have' is non-standard after 'I wish' for present wishes — 'I wish I would have' is a common error; the correct form is 'I wish I had'. 'Will have' uses the future perfect, which is not accepted after 'wish' when expressing a current unreal wish.",s-eng-9-2-2,medium,ai-generated,false,C,would have,false,3
q-eng9.2-28,ENG9.2,mc,"Choose the option that correctly completes the sentence: 'I wish I _____ more time to prepare for the interview.'","'Had' is correct because 'I wish + past simple' expresses a wish about the present or future that is contrary to reality. 'Have' uses the present tense, which is not the subjunctive/past form required after 'wish'. 'Would have' is non-standard after 'I wish' for present wishes — 'I wish I would have' is a common error; the correct form is 'I wish I had'. 'Will have' uses the future perfect, which is not accepted after 'wish' when expressing a current unreal wish.",s-eng-9-2-2,medium,ai-generated,false,D,will have,false,4
q-eng9.2-29,ENG9.2,mc,"Choose the option that correctly completes the sentence: 'The harder he worked, _____.'","'The more success he achieved' is correct because the correlative comparative 'the harder...the more' requires 'the + comparative' in each clause, with consistent past-tense verbs. 'He achieved more success' omits the required 'the' before 'more', breaking the correlative structure. 'More success he achieved' also omits the definite article 'the' required before 'more' in this pattern. 'The more success he achieves' shifts to present tense, which is inconsistent with the past-tense condition 'worked'.",s-eng-9-2-2,medium,ai-generated,false,A,he achieved more success,false,1
q-eng9.2-29,ENG9.2,mc,"Choose the option that correctly completes the sentence: 'The harder he worked, _____.'","'The more success he achieved' is correct because the correlative comparative 'the harder...the more' requires 'the + comparative' in each clause, with consistent past-tense verbs. 'He achieved more success' omits the required 'the' before 'more', breaking the correlative structure. 'More success he achieved' also omits the definite article 'the' required before 'more' in this pattern. 'The more success he achieves' shifts to present tense, which is inconsistent with the past-tense condition 'worked'.",s-eng-9-2-2,medium,ai-generated,false,B,more success he achieved,false,2
q-eng9.2-29,ENG9.2,mc,"Choose the option that correctly completes the sentence: 'The harder he worked, _____.'","'The more success he achieved' is correct because the correlative comparative 'the harder...the more' requires 'the + comparative' in each clause, with consistent past-tense verbs. 'He achieved more success' omits the required 'the' before 'more', breaking the correlative structure. 'More success he achieved' also omits the definite article 'the' required before 'more' in this pattern. 'The more success he achieves' shifts to present tense, which is inconsistent with the past-tense condition 'worked'.",s-eng-9-2-2,medium,ai-generated,false,C,the more success he achieved,true,3
q-eng9.2-29,ENG9.2,mc,"Choose the option that correctly completes the sentence: 'The harder he worked, _____.'","'The more success he achieved' is correct because the correlative comparative 'the harder...the more' requires 'the + comparative' in each clause, with consistent past-tense verbs. 'He achieved more success' omits the required 'the' before 'more', breaking the correlative structure. 'More success he achieved' also omits the definite article 'the' required before 'more' in this pattern. 'The more success he achieves' shifts to present tense, which is inconsistent with the past-tense condition 'worked'.",s-eng-9-2-2,medium,ai-generated,false,D,the more success he achieves,false,4
q-eng9.2-30,ENG9.2,mc,"Choose the option that correctly completes the sentence: 'So clearly did she explain the concept _____.'","'That every student understood it' is correct because inverted 'so + adverb + did + subject + verb' requires 'that + result clause' to complete the 'so...that' construction. 'When every student understood it' replaces 'that' with 'when', which is not used in the 'so...that' result structure. 'As every student understood it' replaces 'that' with 'as', which belongs to a different comparative structure, not the result clause of 'so...that'. 'Every student understood it' omits the required connector 'that', leaving the complex sentence structurally incomplete.",s-eng-9-2-2,hard,ai-generated,false,A,when every student understood it,false,1
q-eng9.2-30,ENG9.2,mc,"Choose the option that correctly completes the sentence: 'So clearly did she explain the concept _____.'","'That every student understood it' is correct because inverted 'so + adverb + did + subject + verb' requires 'that + result clause' to complete the 'so...that' construction. 'When every student understood it' replaces 'that' with 'when', which is not used in the 'so...that' result structure. 'As every student understood it' replaces 'that' with 'as', which belongs to a different comparative structure, not the result clause of 'so...that'. 'Every student understood it' omits the required connector 'that', leaving the complex sentence structurally incomplete.",s-eng-9-2-2,hard,ai-generated,false,B,as every student understood it,false,2
q-eng9.2-30,ENG9.2,mc,"Choose the option that correctly completes the sentence: 'So clearly did she explain the concept _____.'","'That every student understood it' is correct because inverted 'so + adverb + did + subject + verb' requires 'that + result clause' to complete the 'so...that' construction. 'When every student understood it' replaces 'that' with 'when', which is not used in the 'so...that' result structure. 'As every student understood it' replaces 'that' with 'as', which belongs to a different comparative structure, not the result clause of 'so...that'. 'Every student understood it' omits the required connector 'that', leaving the complex sentence structurally incomplete.",s-eng-9-2-2,hard,ai-generated,false,C,every student understood it,false,3
q-eng9.2-30,ENG9.2,mc,"Choose the option that correctly completes the sentence: 'So clearly did she explain the concept _____.'","'That every student understood it' is correct because inverted 'so + adverb + did + subject + verb' requires 'that + result clause' to complete the 'so...that' construction. 'When every student understood it' replaces 'that' with 'when', which is not used in the 'so...that' result structure. 'As every student understood it' replaces 'that' with 'as', which belongs to a different comparative structure, not the result clause of 'so...that'. 'Every student understood it' omits the required connector 'that', leaving the complex sentence structurally incomplete.",s-eng-9-2-2,hard,ai-generated,false,D,that every student understood it,true,4
